ACCOUNT_NO,BALANCE,ACCOUNT_TYPE,MOBILE,BRANCH_ID,ADMINISTRATOR,PERSON_ID
1,73950,CURRENT,6082252077,Bao,F,35
2,26757,SAVINGS,3248510544,BqY,F,1
3,27536,CURRENT,9829521458,BGD,F,1
4,41605,SAVINGS,5491526207,BeG,F,50
5,34479,SAVINGS,1178941398,BFx,F,64
6,83020,SAVINGS,4385869700,B3M,F,54
7,4990,SAVINGS,9051383530,BZX,F,50
8,62503,SAVINGS,4862790218,BGD,F,99
9,58045,SAVINGS,9297831458,BYY,T,82
10,95917,SAVINGS,3117134680,BTV,F,73
11,79282,CURRENT,3993509509,BW8,T,30
12,78876,SAVINGS,8266873429,B7q,F,81
13,55659,SAVINGS,2774985556,BxE,T,83
14,71205,CURRENT,4697437576,B2Q,F,70
15,87187,CURRENT,7002834969,BN4,F,36
16,68899,CURRENT,1529231606,BzG,T,67
17,91267,CURRENT,9314791367,BYi,T,74
18,75647,SAVINGS,7773562037,BPs,F,40
19,41187,CURRENT,3649655519,BTU,F,90
20,23668,CURRENT,3054887263,Bbl,F,24
21,32629,SAVINGS,8353671642,Bwa,F,84
22,53371,CURRENT,3002127113,BXJ,F,27
23,32405,CURRENT,2916308704,BoK,F,54
24,51615,SAVINGS,8025999216,BoK,F,16
25,60207,SAVINGS,9673177697,BFw,F,11
26,97282,SAVINGS,3154955849,BXJ,F,97
27,34803,SAVINGS,2946590838,BoK,F,37
28,20595,SAVINGS,9632875625,BZd,F,10
29,51303,CURRENT,9472291825,ByX,F,2
30,78773,CURRENT,7834945721,BFx,F,10
31,34381,SAVINGS,2184056673,BwA,F,37
32,13006,CURRENT,5665306379,BTe,F,99
33,91260,CURRENT,5349396719,Bwa,F,84
34,41533,CURRENT,1544105582,BNI,F,15
35,48565,CURRENT,7279224147,BhP,F,42
36,25186,SAVINGS,9425204757,B90,T,49
37,9500,CURRENT,4173443293,B14,T,60
38,48563,CURRENT,5523826192,BPx,F,43
39,76530,CURRENT,2964055936,Ba6,F,59
40,59299,SAVINGS,3184632438,Bzx,F,34
41,21326,SAVINGS,6298317632,BDT,F,70
42,80596,CURRENT,1696741754,Ba6,F,55
43,68609,SAVINGS,7249124249,BSE,F,77
44,72153,SAVINGS,8392402957,Bv2,F,99
45,63252,CURRENT,5358342402,Bv2,F,4
46,11363,SAVINGS,7536158351,BrC,F,34
47,70660,SAVINGS,3134292192,BZ0,F,82
48,76416,SAVINGS,1128694409,BPx,F,14
49,49508,CURRENT,3652861523,BTV,F,97
50,82308,CURRENT,2584925173,Bfk,F,49
51,47392,SAVINGS,7267495301,Bv5,F,52
52,59403,SAVINGS,8697205562,BTO,F,52
53,79553,SAVINGS,9462436764,Bbl,F,78
54,22489,SAVINGS,4814453549,BTt,F,43
55,86243,CURRENT,7447369231,BH4,T,35
56,25161,SAVINGS,8664983382,BvO,T,90
57,57699,CURRENT,5248408896,BeG,F,69
58,50327,SAVINGS,3882001349,Bvf,F,66
59,74392,SAVINGS,6781977397,Br2,F,32
60,1575,CURRENT,9704058273,BrC,T,71
61,47270,CURRENT,3829853380,Bqr,T,16
62,48852,SAVINGS,5386559035,Bqv,F,80
63,15705,SAVINGS,4169999091,BmU,F,100
64,14261,CURRENT,5756223537,Bvf,F,22
65,14136,SAVINGS,6436611039,BGY,F,67
66,61652,SAVINGS,5835752745,BQf,F,3
67,29744,CURRENT,8918584664,B14,F,41
68,63574,SAVINGS,5515987311,BOe,F,41
69,27350,SAVINGS,9726654340,B9I,F,66
70,62766,SAVINGS,5263214056,BQd,F,45
71,40489,CURRENT,3754177779,B02,F,45
72,72973,SAVINGS,5735143126,BxL,F,98
73,44598,SAVINGS,7516810124,BTV,F,13
74,49001,CURRENT,1684693729,B2Q,T,90
75,66339,CURRENT,3731661527,B0T,F,57
76,25594,SAVINGS,4588664824,Be6,F,42
77,36587,SAVINGS,8061238216,BSE,F,56
78,72086,SAVINGS,3434670469,BYi,F,74
79,15058,SAVINGS,6509327869,BxE,F,30
80,41742,CURRENT,7578340470,BXJ,F,83
81,44186,CURRENT,6428802662,Be6,F,5
82,12758,SAVINGS,9692843957,BW8,F,86
83,27283,SAVINGS,6021449858,BPx,F,59
84,41185,CURRENT,5812579983,Bon,F,78
85,31314,CURRENT,6642531824,Bfk,F,92
86,19000,SAVINGS,4862317213,BwA,F,15
87,99539,CURRENT,4739814879,BEk,F,37
88,24331,SAVINGS,7018954750,BEk,F,18
89,31568,SAVINGS,7746861589,BXD,F,5
90,95709,SAVINGS,5685024398,BEk,F,70
91,16868,CURRENT,6387346017,BrC,T,54
92,59497,CURRENT,2184900662,B3g,F,3
93,96312,SAVINGS,3946104500,BBr,F,3
94,39753,SAVINGS,6213143818,BDT,T,37
95,49532,SAVINGS,4883654840,BMl,F,50
96,61559,SAVINGS,8464466995,BN4,F,24
97,85824,CURRENT,9611512618,BSE,F,46
98,76958,SAVINGS,9223588730,B7q,F,91
99,87947,SAVINGS,5617271095,BdV,F,51
100,80125,CURRENT,6448419346,Bon,F,26
101,90027,SAVINGS,6054562511,Bwa,F,76
102,49958,SAVINGS,2014612330,BmC,F,12
103,13497,SAVINGS,2888519004,B14,F,70
104,41588,CURRENT,6887995964,Bvf,T,56
105,45193,CURRENT,8797378326,BmN,F,83
106,94461,CURRENT,4808904331,Byz,F,73
107,22551,CURRENT,7051711688,BMl,F,24
108,24747,CURRENT,5306481578,Bao,F,34
109,88303,CURRENT,1899085128,Bzi,F,29
110,96112,SAVINGS,4826673205,BoK,F,6
111,60719,SAVINGS,8244240633,Bvj,F,34
112,61536,CURRENT,8269542938,B6c,F,22
113,99381,SAVINGS,6791594314,BSE,F,7
114,6726,SAVINGS,3184693623,B29,F,84
115,2568,CURRENT,1675509150,BxL,F,39
116,43831,CURRENT,4696120152,B9K,F,58
117,27469,CURRENT,6477825374,BwA,F,28
118,31739,SAVINGS,9288368044,Ba6,F,35
119,6049,CURRENT,3301915250,BXJ,F,53
120,86707,CURRENT,5815646616,BQd,F,62
121,29971,SAVINGS,1389583617,BNI,F,87
122,16302,CURRENT,3893800350,B6Z,F,46
123,38864,SAVINGS,6435968228,BGD,F,50
124,81193,SAVINGS,1159389023,BRu,T,9
125,83995,SAVINGS,5551032912,BLS,F,21
126,4014,CURRENT,1238528701,B29,F,23
127,27112,CURRENT,7212142692,B90,F,86
128,33733,SAVINGS,8699837701,B1T,F,23
129,65822,SAVINGS,9877361982,Bv2,F,32
130,90582,CURRENT,4816410169,BRu,F,2
131,76816,CURRENT,2865450811,B7q,F,98
132,27692,CURRENT,6488822962,Br2,F,19
133,23658,CURRENT,7613187761,B1i,F,77
134,24428,CURRENT,9873134114,Bwa,F,38
135,19048,CURRENT,3903678112,Bv5,F,28
136,46703,SAVINGS,6519245373,B1i,F,76
137,62982,SAVINGS,6782858977,BXD,F,95
138,20359,CURRENT,3836804112,BN4,F,17
139,87812,SAVINGS,9849805124,BRu,F,25
140,51722,SAVINGS,9469035231,BLS,F,16
141,30273,CURRENT,6772036991,BeQ,F,62
142,96667,SAVINGS,7271880095,BhO,F,7
143,29430,SAVINGS,5972452558,BmU,F,5
144,47000,SAVINGS,2967100173,B9K,F,45
145,28935,SAVINGS,8568823452,BnL,F,95
146,9792,CURRENT,6198506986,Bao,F,78
147,31700,CURRENT,5663246539,BGD,F,11
148,42099,CURRENT,3412916605,B90,F,12
149,47682,CURRENT,1714878665,BZd,F,60
150,13574,SAVINGS,3904928285,Bao,F,94
151,88746,SAVINGS,7565002736,B1T,F,62
152,30722,CURRENT,9081782302,BSE,F,8
153,12501,SAVINGS,7381825923,BRu,F,79
154,11732,SAVINGS,5777090686,Ba6,F,80
155,88188,CURRENT,8381709584,BTO,F,69
156,67721,SAVINGS,1238724052,BYY,F,90
157,87244,CURRENT,8281183737,B1T,F,83
158,36104,SAVINGS,2569496721,B3M,F,18
159,84639,SAVINGS,5198961853,Bwd,F,91
160,44128,CURRENT,3609570189,BoK,F,83
161,70004,CURRENT,5626020912,BDW,F,41
162,21582,CURRENT,6552405904,BLS,F,86
163,26609,SAVINGS,1393109071,BQd,F,70
164,74518,CURRENT,5623287075,BrC,F,28
165,95214,SAVINGS,9974807982,B2U,F,10
166,23401,SAVINGS,6761043854,Be6,F,24
167,16597,SAVINGS,5252224342,BDW,T,98
168,56118,CURRENT,8513885571,BLe,F,33
169,73703,SAVINGS,5879040992,B14,F,64
170,33509,CURRENT,4672067557,BTs,F,92
171,24890,SAVINGS,6125988732,B6c,F,4
172,50659,CURRENT,9116511996,BaO,F,76
173,51094,CURRENT,7412779523,BXD,T,85
174,77577,SAVINGS,7792634548,Bqv,F,81
175,25345,CURRENT,1124001986,BLe,F,43
176,38440,CURRENT,6436257699,BQd,F,81
177,53856,SAVINGS,7525701847,BvO,F,64
178,50534,SAVINGS,1445846219,B29,F,8
179,42640,CURRENT,9069035264,B3c,F,18
180,53899,SAVINGS,1683070535,BH4,F,90
181,64745,CURRENT,3282473570,B90,F,66
182,33440,SAVINGS,5072445837,BN4,F,75
183,50687,SAVINGS,5149228995,BTe,F,81
184,3503,SAVINGS,3055768102,Bwd,F,48
185,25490,CURRENT,5722659884,BOe,T,67
186,11399,CURRENT,8771898298,BLe,F,60
187,79506,SAVINGS,1088001553,B9K,F,33
188,53865,SAVINGS,9959678559,BqY,F,43
189,87305,SAVINGS,6863738184,BhO,F,80
190,64350,CURRENT,6124109667,BTO,T,44
191,30281,SAVINGS,1312002295,BPs,F,27
192,63052,CURRENT,5163340932,Bqv,F,56
193,69377,CURRENT,8079450026,BeQ,F,48
194,55945,CURRENT,7403845226,BFx,T,53
195,85464,SAVINGS,9747713076,BTV,F,81
196,47276,CURRENT,3302812626,B1T,F,22
197,87203,SAVINGS,7008391469,BH4,F,77
198,93005,CURRENT,7737724538,BmN,F,33
199,53011,SAVINGS,9309967404,BW8,F,82
200,97113,SAVINGS,1693755283,Bzi,F,54
201,52876,SAVINGS,7412580526,BeQ,F,30
202,69350,SAVINGS,7469753399,Bao,F,63
203,93624,CURRENT,8475678591,BTV,F,40
204,32300,CURRENT,8908918812,B1i,F,48
205,38695,CURRENT,1477773699,BLS,F,71
206,52771,SAVINGS,6475859351,Bsw,F,60
207,76669,SAVINGS,2416044804,Be6,F,78
208,35331,SAVINGS,3665608457,B2Q,T,24
209,48075,CURRENT,2723951892,Bvj,F,86
210,38694,SAVINGS,8154761558,BEa,F,88
211,45628,SAVINGS,1982661748,B6c,F,84
212,77395,SAVINGS,4943515033,BZd,F,88
213,75986,SAVINGS,1816656216,BmN,F,59
214,37343,SAVINGS,7229717930,Bfk,F,1
215,39339,SAVINGS,1286372098,BPs,F,22
216,75140,SAVINGS,7896467921,BW8,F,53
217,26908,CURRENT,4179477086,Bm9,F,58
218,80631,SAVINGS,1842190799,Br2,F,40
219,41797,CURRENT,4124980807,BQd,F,1
220,62717,SAVINGS,5604380393,BrC,F,57
221,10448,CURRENT,3041791513,BrC,T,39
222,8059,SAVINGS,8622030482,Bon,F,73
223,80476,SAVINGS,5978059630,BQf,F,70
224,72859,CURRENT,3739718471,BZX,F,82
225,7821,CURRENT,3246959220,BTe,F,83
226,2119,SAVINGS,1509915886,BwA,F,97
227,34528,SAVINGS,7372774477,BSE,F,2
228,57692,SAVINGS,7896694842,BRu,F,39
229,48821,CURRENT,9362779456,B1T,F,24
230,95125,SAVINGS,1205829009,BTV,F,99
231,88715,SAVINGS,4368354136,BYY,T,3
232,21674,CURRENT,9881613167,Bqr,F,23
233,66647,SAVINGS,5695548205,B7q,F,30
234,55360,CURRENT,9137054209,BFw,F,67
235,31372,SAVINGS,6783138449,BvO,F,65
236,65207,SAVINGS,4181342741,BXJ,F,35
237,51959,CURRENT,7184158346,BeQ,F,63
238,12274,SAVINGS,8692645929,Bbl,F,37
239,90910,SAVINGS,2999123513,Bfk,F,86
240,19848,CURRENT,6428817053,BFx,F,81
241,76996,CURRENT,4989812762,BTO,F,80
242,11003,SAVINGS,9373953650,BMl,F,71
243,59618,CURRENT,7142637633,Bqv,F,52
244,83886,CURRENT,3254352382,BLe,F,14
245,34897,CURRENT,6428029822,BW8,F,31
246,67073,SAVINGS,3308708448,Bwa,F,32
247,8148,CURRENT,7744520272,BZX,F,95
248,1955,SAVINGS,4103164221,BEk,F,11
249,96727,CURRENT,4435548252,Bzx,T,79
250,13621,SAVINGS,1997038323,BH4,F,56
251,31395,SAVINGS,3725449305,BTe,F,98
252,7759,SAVINGS,5649604427,ByX,F,33
253,85439,CURRENT,7493331500,B88,F,4
254,55652,CURRENT,1303488139,BZX,F,92
255,63120,CURRENT,9846770440,BmU,F,17
256,41101,CURRENT,8017245352,BnL,F,24
257,14367,CURRENT,4285764812,BoK,T,23
258,45007,SAVINGS,3278819931,BQd,F,6
259,87677,SAVINGS,1359670505,BPs,F,98
260,6384,SAVINGS,8495523546,B02,F,26
261,46849,SAVINGS,4095408701,Bon,F,63
262,81559,CURRENT,2431557982,Bzx,F,19
263,5182,CURRENT,8274763367,BGD,F,36
264,58989,SAVINGS,6868829887,BZX,F,73
265,89556,CURRENT,3253947307,B14,F,90
266,59627,SAVINGS,6752183827,Bs4,T,78
267,78280,CURRENT,1142011506,BLe,F,91
268,36935,CURRENT,6777598230,BqY,T,77
269,17254,SAVINGS,8264973333,BNI,T,51
270,62848,SAVINGS,1193246869,BdV,F,10
271,92975,SAVINGS,1025032529,BeG,F,28
272,16059,SAVINGS,2317859801,BhP,F,65
273,14825,SAVINGS,7414279352,Bgt,F,59
274,87848,CURRENT,7763740545,BzG,F,11
275,23290,CURRENT,9227721558,Ba6,F,64
276,82427,CURRENT,9832833299,Bs4,F,83
277,35928,CURRENT,6394185683,BvO,F,51
278,42826,CURRENT,1105933081,Bvj,F,46
279,40620,CURRENT,5609803972,Bon,F,58
280,51363,CURRENT,1175909273,BeQ,F,45
281,91441,CURRENT,4221372550,BwA,F,15
282,65140,CURRENT,5403966419,BZ0,F,46
283,64407,SAVINGS,9821298079,BYF,F,75
284,25447,SAVINGS,4919310106,BW8,T,91
285,70882,CURRENT,3953882557,BmC,T,5
286,87438,SAVINGS,4897349001,Ba6,F,48
287,51022,CURRENT,5612564084,BYY,T,54
288,66523,CURRENT,4343099757,BYF,F,38
289,5066,SAVINGS,1041868216,Bsw,F,80
290,53147,SAVINGS,6475805788,BLe,F,65
291,84727,SAVINGS,7613838787,BQf,F,74
292,27316,CURRENT,3684927311,BRu,F,5
293,80753,SAVINGS,5396690672,BxE,F,66
294,89075,SAVINGS,2143683403,BXJ,F,22
295,97123,CURRENT,3536312134,B2U,F,32
296,5510,CURRENT,7098989854,BiA,F,63
297,29426,SAVINGS,5048774052,Bbl,T,2
298,85751,CURRENT,9079115033,B6Z,F,65
299,65655,CURRENT,3512453014,Bvj,F,65
300,79782,SAVINGS,8652091858,B9I,F,9
301,41527,CURRENT,4448827951,BBr,F,63
302,53217,SAVINGS,7939259835,BSE,F,85
303,62085,CURRENT,5261182202,Bao,F,34
304,36961,SAVINGS,8291067301,BaO,F,44
305,3872,SAVINGS,1055515733,Bs4,F,72
306,36966,SAVINGS,8174862922,BDW,F,17
307,61460,SAVINGS,9446539750,BaO,T,98
308,22397,SAVINGS,3244331690,BFx,F,48
309,77148,SAVINGS,6439071474,BGD,F,65
310,30774,CURRENT,4126535262,B9K,F,23
311,74545,CURRENT,9892086795,BhP,F,25
312,58911,CURRENT,6051117712,BGY,F,62
313,95219,SAVINGS,7517191831,B3M,F,1
314,82431,CURRENT,7992665638,B9K,T,28
315,83530,CURRENT,6914205407,B29,F,46
316,98381,CURRENT,6527881471,BXJ,T,38
317,76455,SAVINGS,1925201911,BiA,F,67
318,14710,SAVINGS,6786752232,BaO,F,10
319,94444,CURRENT,5316121754,BN4,F,2
320,71344,SAVINGS,1603280753,ByX,F,46
321,89574,CURRENT,6001182642,BzG,F,13
322,40871,CURRENT,8982495351,Bv2,F,21
323,49691,SAVINGS,7441044198,Bs4,F,72
324,12242,CURRENT,5514151546,B14,F,7
325,47794,CURRENT,3009655210,Bqv,F,26
326,54217,CURRENT,8622033815,BRU,F,95
327,14610,SAVINGS,8158562107,BmU,F,55
328,7016,SAVINGS,6862651115,Br2,F,43
329,38844,CURRENT,8462682060,Bv5,F,91
330,27668,CURRENT,7373651043,BMl,F,46
331,45823,CURRENT,4749760630,Bm9,F,69
332,14758,CURRENT,8996594953,BqY,F,53
333,72531,SAVINGS,3613207497,Bwd,F,73
334,96146,CURRENT,6885198069,Be6,F,3
335,2243,SAVINGS,7644110515,Bbl,F,9
336,6062,SAVINGS,9472430971,B9I,F,78
337,92062,CURRENT,5876920135,Bv2,F,34
338,81451,CURRENT,2642973719,BhO,F,99
339,75434,SAVINGS,8317552531,Be6,F,58
340,35189,SAVINGS,9748544043,Bm9,F,98
341,85704,CURRENT,5396736309,BNI,F,39
342,93365,CURRENT,2684343968,B9K,T,89
343,58776,CURRENT,1458926792,BTO,F,17
344,62905,CURRENT,4228323704,B29,F,9
345,7983,CURRENT,2143420847,Bao,F,16
346,81409,CURRENT,6868435171,B88,F,2
347,85811,SAVINGS,2596665016,BZ0,T,25
348,43052,CURRENT,4156147723,BGY,F,27
349,70921,SAVINGS,3734521882,B6Z,F,50
350,22270,CURRENT,6891172587,BPs,F,16
351,28314,CURRENT,4343179969,BmU,F,19
352,66990,CURRENT,1087471824,BFx,F,40
353,37830,CURRENT,7619698089,Bao,F,80
354,23505,SAVINGS,2064525671,Bzx,F,58
355,39522,SAVINGS,6025501599,Bqr,F,75
356,29713,CURRENT,8832200436,B3M,F,38
357,47167,CURRENT,5348409349,BmC,F,1
358,54785,CURRENT,4273814294,BwA,F,100
359,38730,CURRENT,9969651531,BZ0,T,52
360,66000,CURRENT,8821869786,B3M,F,50
361,34682,CURRENT,1412281320,B6Z,T,44
362,46041,CURRENT,8094384856,Bwd,F,35
363,96976,CURRENT,3874975941,BhP,F,77
364,35151,CURRENT,4605392174,BqY,F,72
365,78076,CURRENT,2215839965,BYY,F,23
366,78839,SAVINGS,5136738292,Byz,F,15
367,7867,SAVINGS,1309225494,BGY,F,60
368,15558,CURRENT,6198758412,BTt,F,78
369,40647,CURRENT,7657012604,BEa,F,47
370,68182,CURRENT,6648822316,BYY,F,57
371,61959,CURRENT,8189554232,BmU,F,39
372,77334,CURRENT,3123130482,BBr,F,42
373,4490,CURRENT,9864471293,BrC,F,31
374,12392,CURRENT,2805476241,BTV,F,52
375,50584,SAVINGS,8292180159,BPs,F,32
376,8111,CURRENT,1193811034,BxE,F,1
377,81433,SAVINGS,4641290829,BRu,F,8
378,99071,SAVINGS,9917592563,Bv2,F,78
379,70616,SAVINGS,7217220970,B3c,F,14
380,84804,CURRENT,2312842895,Bsw,F,45
381,22237,CURRENT,8092871298,BBr,F,82
382,63907,SAVINGS,4352150826,B7q,F,52
383,72924,CURRENT,9864744245,Bv2,F,85
384,41425,CURRENT,5065242009,BLe,F,22
385,67082,SAVINGS,7947581471,Bqv,T,61
386,9248,SAVINGS,8332115899,B2U,F,54
387,36090,SAVINGS,2497488068,BYY,T,46
388,17454,SAVINGS,6322737042,Ba6,F,75
389,47093,CURRENT,2029192496,BrC,F,42
390,85503,SAVINGS,4462926884,B02,F,35
391,60390,CURRENT,1946639537,BYY,F,87
392,4531,CURRENT,5904929785,BNI,F,60
393,41622,CURRENT,8846204523,B3c,F,89
394,58598,CURRENT,2151102995,Bgt,T,85
395,4821,SAVINGS,4094055239,BRU,F,38
396,51127,CURRENT,5272165131,BLS,F,37
397,31456,CURRENT,9937649416,BNI,F,53
398,22244,CURRENT,4905310831,B90,T,74
399,18175,SAVINGS,2922660765,BGD,F,79
400,32019,CURRENT,7909232110,BLe,F,32
401,62222,SAVINGS,2009061187,BnL,F,13
402,56349,SAVINGS,3257992839,B9I,F,66
403,64043,SAVINGS,4862147401,BoK,F,28
404,26265,SAVINGS,9477313160,BzG,F,67
405,80674,CURRENT,7593488658,B6Z,F,51
406,49985,CURRENT,3298450680,BzG,T,22
407,5579,CURRENT,7733313940,B2U,F,44
408,79807,SAVINGS,7669492443,BDT,F,9
409,59943,SAVINGS,8041288101,BTO,F,92
410,38387,SAVINGS,8862771077,BLF,F,72
411,59719,SAVINGS,9705151623,BGD,F,20
412,72041,CURRENT,1986344550,BeG,F,55
413,53718,SAVINGS,9762595832,BOe,F,16
414,74472,SAVINGS,3378592416,BLF,F,76
415,22872,CURRENT,9063836529,BZd,F,79
416,98277,SAVINGS,1497816950,Bbl,F,89
417,97778,SAVINGS,6808269561,Bao,F,91
418,61684,CURRENT,3234105600,B1T,T,11
419,85735,CURRENT,3413343495,BrC,F,96
420,36210,CURRENT,7857709735,BTO,F,5
421,71243,SAVINGS,3068528728,BmU,F,1
422,42202,CURRENT,4814523453,Bv2,F,27
423,36383,SAVINGS,8218401672,BmN,F,26
424,99467,CURRENT,7463905263,B90,F,3
425,9561,CURRENT,4294717448,Br2,F,53
426,69486,SAVINGS,3547454643,B02,F,36
427,61273,CURRENT,6403958107,BQf,F,51
428,6002,SAVINGS,6839380269,BeQ,F,100
429,40397,SAVINGS,6117506573,Bao,F,60
430,43059,CURRENT,2512542247,BdV,T,32
431,29548,SAVINGS,8171231704,B6Z,F,4
432,2805,CURRENT,6009330240,BLF,F,61
433,47112,SAVINGS,9571177901,BH4,F,48
434,85904,CURRENT,4845799619,BnL,F,5
435,99240,CURRENT,8346931912,Bs4,F,13
436,22609,CURRENT,9213113761,BhP,F,35
437,35745,SAVINGS,1319588822,BMl,F,29
438,76343,SAVINGS,4153625976,Bv2,F,21
439,92951,CURRENT,2157820741,BrC,F,69
440,4658,SAVINGS,3206307317,BOe,T,86
441,79137,SAVINGS,9568423307,Bzx,F,97
442,91491,SAVINGS,2935359834,BvO,F,60
443,74776,SAVINGS,5353287105,BhO,F,80
444,10883,SAVINGS,8965087775,BW8,F,49
445,96124,SAVINGS,8153481323,B9I,T,87
446,39850,CURRENT,7513981573,ByX,F,40
447,39715,SAVINGS,8372316681,BoK,F,93
448,54012,CURRENT,1805032274,Bao,T,16
449,50086,SAVINGS,2923568851,BmU,F,40
450,12332,CURRENT,1362496397,BYi,F,75
451,87857,SAVINGS,6243150868,BhP,F,89
452,12932,CURRENT,4721528538,BLS,F,52
453,72034,CURRENT,5295150283,BXJ,F,30
454,96262,SAVINGS,6994230199,BxE,F,1
455,97017,CURRENT,1577685903,BeQ,F,41
456,3974,SAVINGS,6624561352,B1T,F,15
457,24944,SAVINGS,8624160454,BSE,F,29
458,37321,SAVINGS,1216953146,BeQ,F,21
459,30202,SAVINGS,3031491103,BmC,F,7
460,72441,SAVINGS,8699905155,B1i,F,65
461,48684,CURRENT,7392139876,Bzx,F,94
462,17398,CURRENT,7139642713,BMl,F,43
463,34423,SAVINGS,3885192752,Bqr,F,51
464,45567,CURRENT,4492391753,BTe,F,33
465,82664,SAVINGS,9737347349,BLF,F,91
466,28971,SAVINGS,7818277731,Bbl,F,4
467,40494,SAVINGS,2656883734,BPx,F,22
468,48058,CURRENT,7691294456,Bao,F,90
469,98947,SAVINGS,1378920799,BEk,F,90
470,75340,SAVINGS,9292819774,B2U,F,43
471,96821,CURRENT,2028885964,B9K,T,12
472,3230,SAVINGS,9961707861,BnL,F,91
473,20713,CURRENT,2352875728,Bv5,F,34
474,10370,CURRENT,2968133994,B2Q,F,78
475,80364,CURRENT,1933566368,Bzx,F,99
476,18011,CURRENT,1535704817,B02,F,63
477,17299,CURRENT,9397049463,BLe,F,35
478,78942,CURRENT,3386094321,Bbl,F,32
479,16086,SAVINGS,2549208624,BOe,F,58
480,58644,SAVINGS,9813179948,BaO,F,63
481,19500,CURRENT,2915522998,BYY,F,19
482,77003,SAVINGS,7365379589,BFx,T,77
483,96120,SAVINGS,2726924542,B02,F,12
484,82365,SAVINGS,3673874103,Be6,F,55
485,2952,SAVINGS,8776322519,BYF,F,75
486,42983,SAVINGS,4589812099,B0T,F,87
487,8556,CURRENT,3498469518,BwA,F,82
488,27100,CURRENT,1315666408,BhP,F,82
489,37137,SAVINGS,4074584649,BmC,F,59
490,94905,SAVINGS,3459785801,Byz,T,48
491,21289,CURRENT,4605253286,BZX,F,88
492,35079,SAVINGS,8708519037,BRu,F,97
493,32006,SAVINGS,3114473388,BXD,F,26
494,76434,CURRENT,7957545019,BmC,F,48
495,31685,CURRENT,9593394792,Bm9,F,40
496,57695,CURRENT,7418014150,Bqr,F,48
497,27349,CURRENT,7292578358,BmC,F,85
498,75168,CURRENT,2912078243,BYF,F,52
499,57280,CURRENT,9039588239,BeG,F,73
500,87499,CURRENT,8447070325,BEa,F,3
501,88475,SAVINGS,7151452853,BmN,F,81
502,26628,SAVINGS,4906831911,BN4,F,38
503,56195,SAVINGS,3079782041,BrC,F,42
504,80592,CURRENT,5806836343,Be6,F,20
505,95987,SAVINGS,7937390858,BxE,F,85
506,79418,SAVINGS,4579394320,Ba6,T,88
507,76100,SAVINGS,2693780489,Bao,F,78
508,45351,CURRENT,8592034120,BNI,F,86
509,82131,SAVINGS,6604373660,BPx,F,63
510,36306,SAVINGS,7473492745,Bao,F,69
511,74047,CURRENT,8718405062,BZ0,F,47
512,62015,CURRENT,2018591776,BvO,F,86
513,81993,SAVINGS,1149208917,Bbl,F,1
514,94105,CURRENT,1309116489,BQd,F,57
515,54598,CURRENT,8143778271,BLF,F,29
516,21502,SAVINGS,1274663143,BiA,F,52
517,47563,SAVINGS,6679808916,Bzi,F,64
518,6078,SAVINGS,7106566336,BvO,F,35
519,14889,CURRENT,8127699280,BmU,F,18
520,83125,SAVINGS,2529087698,B3g,F,47
521,23944,SAVINGS,1069015051,BQf,F,68
522,97278,CURRENT,1589665640,B3g,T,42
523,58416,SAVINGS,2183967286,BYF,F,1
524,86544,CURRENT,8324048141,BTU,F,22
525,51325,CURRENT,8575520362,B0T,F,55
526,46270,SAVINGS,2256909065,B7q,F,9
527,41754,SAVINGS,3636819325,BTe,T,25
528,27105,CURRENT,5377572606,BFw,F,98
529,34519,SAVINGS,4457415603,BYY,F,84
530,87530,SAVINGS,7716220889,Bzx,F,67
531,94440,SAVINGS,6928310540,BDW,F,80
532,45325,SAVINGS,7605881946,BYF,T,11
533,85165,CURRENT,6435602744,Bwa,F,19
534,60553,SAVINGS,1768645408,Bvj,F,4
535,64713,CURRENT,9265334324,Bm9,F,12
536,98054,SAVINGS,7621224054,Bbl,T,99
537,19841,CURRENT,1326052194,BH4,F,94
538,26655,CURRENT,6447394391,BH4,F,1
539,62952,CURRENT,8832089567,Byz,F,1
540,78460,SAVINGS,3198990318,BGD,F,24
541,34909,CURRENT,5165931339,B3g,F,97
542,27173,CURRENT,5229702143,BeQ,F,60
543,45340,CURRENT,7413807993,Bm9,F,3
544,48295,CURRENT,3813050753,BBr,F,92
545,75700,CURRENT,2118374579,BQf,F,2
546,69979,CURRENT,1228864029,BDW,F,81
547,15608,SAVINGS,4143540974,BEk,F,50
548,50399,SAVINGS,2284294889,BTV,F,76
549,84725,CURRENT,7244732998,Bvf,F,33
550,9998,SAVINGS,9542083160,B1i,F,76
551,68825,CURRENT,9416508658,Be6,F,94
552,27074,CURRENT,6809394623,BRu,F,31
553,58215,SAVINGS,7082254617,Bbl,F,78
554,27946,SAVINGS,1565841123,BRU,F,52
555,53838,SAVINGS,6263320923,BH4,F,18
556,88961,SAVINGS,4793380134,BGD,T,40
557,39984,CURRENT,8839237097,BTU,F,37
558,53114,CURRENT,3508453664,B9I,F,27
559,51062,CURRENT,2128609086,BeG,F,70
560,86193,CURRENT,3535894261,BN4,F,92
561,12972,SAVINGS,2893976269,BNI,F,24
562,61369,CURRENT,1251240039,BN4,T,34
563,65490,SAVINGS,1713699200,BhO,F,67
564,1680,CURRENT,7866823130,B9K,F,75
565,66111,CURRENT,1859082789,Bzx,F,74
566,59201,CURRENT,9009428940,B9I,T,97
567,11128,CURRENT,8692368851,BTs,F,63
568,82406,CURRENT,4359488726,BTs,F,99
569,7776,SAVINGS,5287898906,Bqr,F,46
570,57914,CURRENT,4155439242,BSE,F,85
571,40513,SAVINGS,7079344921,Bsw,F,61
572,98101,SAVINGS,4612475037,BGD,F,21
573,40280,SAVINGS,6585240181,BXJ,F,37
574,83326,SAVINGS,5124902243,BeQ,T,58
575,69059,SAVINGS,7497762834,Bsw,T,79
576,48668,CURRENT,3314392494,BYi,F,81
577,64074,CURRENT,7247523046,Be6,F,71
578,15836,SAVINGS,1977083739,B2U,F,23
579,48335,CURRENT,5717606657,BdV,F,77
580,7273,CURRENT,3891172572,BLF,F,62
581,54037,SAVINGS,2343445257,BPx,F,62
582,87345,SAVINGS,7313881572,BN4,F,5
583,57601,SAVINGS,8716615758,BhP,F,87
584,22623,SAVINGS,2548732595,BQf,F,10
585,17200,SAVINGS,1031982088,Bs4,F,97
586,30954,CURRENT,9983148927,Bzx,F,3
587,30997,CURRENT,9969025361,B9I,F,67
588,9432,CURRENT,5796149209,BGD,F,31
589,6139,SAVINGS,4722925194,B2Q,F,60
590,76658,SAVINGS,7874937739,BqY,F,42
591,61441,SAVINGS,2434385217,BEk,F,70
592,60539,CURRENT,2217908569,BqY,F,8
593,81769,SAVINGS,7295229746,Bzx,F,35
594,99229,CURRENT,5643514819,BeG,T,75
595,39129,CURRENT,8814610658,BFx,F,27
596,65469,CURRENT,1161190445,BeQ,F,90
597,31267,CURRENT,1196642918,BEk,F,55
598,36340,CURRENT,8382637837,BLS,F,43
599,43534,CURRENT,8331786492,BXJ,F,8
600,59132,SAVINGS,2729091669,BFw,F,69
601,87719,CURRENT,5056282328,Bzi,F,68
602,73782,SAVINGS,6266940189,BwA,F,70
603,15571,CURRENT,6221698483,BTO,F,50
604,94460,CURRENT,3234445977,Bqv,F,54
605,18726,SAVINGS,2327608392,BXJ,F,17
606,47544,CURRENT,9349059411,Bzi,F,1
607,48566,SAVINGS,5047855235,BPx,F,2
608,19621,CURRENT,7652370555,BxE,F,21
609,2098,CURRENT,4107783307,BxE,F,44
610,35273,CURRENT,7782184864,Bwa,F,96
611,69617,SAVINGS,9218109376,Bs4,F,86
612,72428,SAVINGS,5394460451,Bao,F,32
613,97558,CURRENT,3128461953,BN4,F,17
614,13942,SAVINGS,7388277063,BYF,F,85
615,20726,SAVINGS,6156602810,BmC,F,11
616,94869,SAVINGS,5373801374,BTs,F,3
617,97460,CURRENT,1312381178,BN4,F,63
618,32380,CURRENT,5847718500,Bv5,F,52
619,39966,SAVINGS,7172146034,Bzi,F,43
620,99596,CURRENT,1239173530,B02,F,20
621,61457,CURRENT,1266754423,BxL,F,32
622,8765,CURRENT,2853004929,BXJ,F,36
623,71875,SAVINGS,9246619248,BDW,F,14
624,83565,CURRENT,2853207965,BYF,F,80
625,47103,CURRENT,5499669856,BN4,T,80
626,43648,CURRENT,8519357229,BSE,F,8
627,71827,CURRENT,4709625797,BmU,F,91
628,3389,SAVINGS,7809273415,BXJ,F,38
629,58118,CURRENT,9054417478,BTs,F,96
630,87128,SAVINGS,8012117005,BqY,F,62
631,15719,SAVINGS,6411140127,BPx,F,83
632,55326,SAVINGS,1559965999,BRU,F,29
633,46059,CURRENT,4767057463,BmU,F,76
634,36693,SAVINGS,8111902629,BiA,F,39
635,2941,SAVINGS,3967515307,Bqv,F,75
636,94678,SAVINGS,8009024526,Bbl,F,49
637,98434,CURRENT,6965121123,B29,F,33
638,20243,CURRENT,2152370676,B88,F,45
639,93110,CURRENT,6978514688,B9K,F,97
640,72861,CURRENT,8429082061,B3M,F,15
641,76739,SAVINGS,4395424508,B88,F,98
642,16825,SAVINGS,2744538131,Br2,F,65
643,44810,SAVINGS,9467757088,BxL,F,1
644,90344,CURRENT,3498922463,BTs,F,90
645,100000,SAVINGS,8127866985,BQf,F,83
646,53092,SAVINGS,7179397614,B7q,F,6
647,6826,SAVINGS,9456314879,BmN,T,68
648,3652,CURRENT,7318628010,BqY,F,22
649,95456,SAVINGS,8496862083,BzG,F,70
650,27383,CURRENT,8894988817,BLF,F,95
651,61450,SAVINGS,4299232534,B29,T,16
652,61729,SAVINGS,4314939355,B9I,T,24
653,86815,CURRENT,7092308981,BZd,T,68
654,61932,SAVINGS,8676556233,B3g,F,53
655,37478,SAVINGS,8757039036,BdV,F,64
656,1524,CURRENT,9595570247,BvO,F,98
657,19233,SAVINGS,8637045418,BOe,T,56
658,5144,SAVINGS,5755081878,BTV,F,61
659,73656,SAVINGS,8736552102,Bs4,F,67
660,45299,CURRENT,7644488350,BeG,F,18
661,91686,CURRENT,7418238788,BxE,T,25
662,98269,SAVINGS,8319072497,BBr,F,10
663,75713,SAVINGS,9648142147,BxL,F,64
664,76492,SAVINGS,5953790608,Bsw,F,22
665,47406,SAVINGS,2368099525,B3M,F,13
666,45197,CURRENT,9331288003,B9K,F,58
667,16759,CURRENT,2158747380,BwA,F,31
668,46330,SAVINGS,5541079228,BFx,F,45
669,99687,SAVINGS,5301362208,BTV,F,13
670,50029,SAVINGS,8137780418,BH4,F,94
671,62125,CURRENT,6093329754,BTt,F,53
672,23267,CURRENT,6171441134,BGY,F,44
673,26237,CURRENT,6285614111,B6Z,F,11
674,92909,SAVINGS,7016843854,Be6,F,74
675,68777,CURRENT,4002455920,BNI,F,17
676,47440,SAVINGS,7749857350,B3M,T,88
677,51516,SAVINGS,8651397192,BhO,F,45
678,58463,CURRENT,8818081256,BmC,F,18
679,80661,SAVINGS,3149227419,BTt,F,75
680,88970,SAVINGS,1832290285,BmC,F,15
681,65392,CURRENT,6969678365,BQd,F,26
682,94369,SAVINGS,9714152302,B02,F,60
683,50791,CURRENT,4542314604,ByX,F,56
684,27184,SAVINGS,1973629059,B88,F,86
685,24950,CURRENT,3562541053,BDW,F,43
686,15499,CURRENT,2194412062,BLS,F,4
687,76831,CURRENT,9246713715,BYF,F,82
688,30799,CURRENT,9107534530,BzG,F,14
689,28156,CURRENT,1954594220,BNI,F,37
690,71086,CURRENT,9344826640,BFx,F,31
691,70168,CURRENT,5227167610,BmU,F,18
692,92299,CURRENT,9136016345,BLS,F,16
693,53602,CURRENT,2313673503,BMl,F,80
694,5400,SAVINGS,2331065667,BwA,F,42
695,34678,SAVINGS,8918915565,B29,F,57
696,70419,CURRENT,4094371907,Bv2,F,1
697,49988,SAVINGS,1778350917,Bzx,F,30
698,60519,SAVINGS,1897025288,B1T,F,54
699,72064,SAVINGS,5784592482,B9I,F,32
700,17887,SAVINGS,6623026709,BPx,F,26
701,84629,SAVINGS,8525471450,BW8,F,55
702,43210,SAVINGS,7614543324,BFw,F,83
703,41990,SAVINGS,7392493241,B3M,F,56
704,27706,SAVINGS,5581513304,BW8,F,3
705,91312,SAVINGS,2173280923,BhP,T,88
706,27337,SAVINGS,6531721381,BmN,F,67
707,54264,SAVINGS,3691342656,Bv2,F,1
708,68316,SAVINGS,7122978280,BMl,F,71
709,85418,CURRENT,7034804313,BhP,F,43
710,68011,SAVINGS,8306498148,BzG,F,41
711,37682,SAVINGS,1159385464,BPs,F,62
712,26058,CURRENT,9976059871,BGY,T,80
713,11898,SAVINGS,6889828042,Bzi,T,19
714,95359,CURRENT,2062690769,Bgt,T,7
715,57327,SAVINGS,5053319130,Bon,F,17
716,61080,SAVINGS,9275980152,BSE,F,59
717,7391,CURRENT,3709495141,Bao,F,87
718,48307,SAVINGS,7513126750,BNI,F,97
719,12094,CURRENT,3462265775,BGD,F,84
720,46512,SAVINGS,8721835507,BZ0,T,97
721,23120,SAVINGS,1051990744,B90,F,4
722,92731,SAVINGS,8142847395,Bzx,F,36
723,52814,CURRENT,4879918956,BGY,F,73
724,27679,CURRENT,6747187726,B02,F,77
725,55293,CURRENT,3687209246,B6c,F,48
726,36426,SAVINGS,3594608079,BZX,F,95
727,89881,SAVINGS,8694426522,BnL,F,99
728,55375,CURRENT,9025730022,BTs,F,29
729,41550,SAVINGS,5908270014,BaO,F,52
730,37993,SAVINGS,7605587200,BTe,F,74
731,79302,CURRENT,3238634427,B2Q,F,97
732,41487,SAVINGS,9073700177,BXD,F,18
733,93971,SAVINGS,7793738296,Br2,T,69
734,31782,SAVINGS,1537725649,BTO,F,18
735,52835,SAVINGS,3439381152,BTs,F,96
736,36113,CURRENT,1945733405,B02,F,53
737,16547,CURRENT,1059398808,B9K,F,80
738,90476,SAVINGS,2118484786,Bon,F,68
739,26146,CURRENT,4279330339,BTe,F,85
740,23243,CURRENT,4578687182,BaO,F,46
741,62198,SAVINGS,2404012372,Bgt,F,94
742,78686,SAVINGS,6348920363,B1T,F,75
743,4098,CURRENT,1071610656,Bvf,F,67
744,95193,SAVINGS,8056783127,BmC,F,37
745,30624,CURRENT,3017533128,BrC,F,84
746,28850,SAVINGS,9765978285,BPx,F,38
747,20449,SAVINGS,1062429424,Bsw,F,77
748,54530,CURRENT,3633692694,Bv5,F,84
749,17978,CURRENT,6563550008,BmC,F,2
750,59118,SAVINGS,3871953362,BhO,F,3
751,23926,SAVINGS,3339773427,BmC,F,88
752,53378,SAVINGS,5472545407,Bqr,F,57
753,68738,SAVINGS,2657743455,BSE,F,56
754,27297,CURRENT,6153411352,Bs4,F,5
755,93852,CURRENT,5589261500,BW8,F,44
756,30866,CURRENT,1429956117,BzG,F,67
757,83550,CURRENT,9783778307,BTO,F,62
758,33710,SAVINGS,3291331443,BTO,T,4
759,42750,SAVINGS,9562280867,BPx,F,84
760,39785,SAVINGS,1673496466,BzG,F,45
761,55076,CURRENT,2983250556,BGY,F,71
762,8271,CURRENT,5314658426,BYY,F,9
763,67617,CURRENT,5635243455,B29,F,42
764,53278,CURRENT,8916754292,B02,F,25
765,47339,CURRENT,5438870655,Bwa,F,98
766,18581,SAVINGS,6143056392,B14,F,59
767,19093,CURRENT,7772084162,BXJ,F,3
768,2483,CURRENT,7744964903,BxL,F,40
769,84515,SAVINGS,8344742003,B0T,F,19
770,89486,SAVINGS,7473263898,B6c,F,3
771,46512,CURRENT,4392023533,BnL,F,25
772,30295,CURRENT,7715467281,BDT,F,56
773,77279,SAVINGS,7866455059,BOe,F,67
774,20622,SAVINGS,8818887687,BrC,F,12
775,76419,SAVINGS,6665916382,Bvj,F,49
776,40726,SAVINGS,2473724440,Bgt,F,62
777,24314,CURRENT,1725588921,BBV,F,83
778,10164,SAVINGS,5364108749,Bqr,F,53
779,75490,CURRENT,4947573978,Bvj,T,76
780,41672,SAVINGS,5091164889,BBV,F,62
781,78805,SAVINGS,4005722525,Bv5,F,28
782,61349,CURRENT,5484898305,BeG,F,23
783,44636,CURRENT,7853829107,BoK,F,94
784,1254,SAVINGS,3079652654,B9I,F,99
785,81478,CURRENT,6185110553,B6c,F,100
786,16586,CURRENT,2039849446,BmU,F,70
787,1615,SAVINGS,4983627538,BLS,F,51
788,49403,CURRENT,8004900422,B0T,F,100
789,4860,CURRENT,9354785264,BrC,F,18
790,9590,SAVINGS,7949904661,BYY,F,98
791,5165,CURRENT,9308143848,BrC,F,23
792,91630,SAVINGS,3281266853,BH4,F,39
793,65984,SAVINGS,8577948936,BEk,F,58
794,33608,SAVINGS,1108875969,BdV,F,24
795,40340,CURRENT,5174109844,B3c,F,68
796,82894,SAVINGS,6348635958,Be6,F,61
797,82140,SAVINGS,3288357444,Bbl,F,5
798,23476,SAVINGS,6483189644,BrC,F,51
799,51359,SAVINGS,7959401606,BNI,F,1
800,68161,CURRENT,5317753040,BDW,F,27
801,48257,SAVINGS,2594866959,BTU,F,12
802,32500,CURRENT,7859588575,ByX,F,39
803,88432,SAVINGS,5159770575,ByX,F,15
804,8358,CURRENT,3679729272,BmU,F,69
805,19420,CURRENT,6551767416,Bao,F,69
806,44024,CURRENT,1843860203,BEk,F,93
807,63496,CURRENT,4212557351,BQf,F,34
808,34238,CURRENT,2939327729,Bqv,F,4
809,1711,SAVINGS,3923321476,BxE,F,94
810,84882,SAVINGS,7951806167,BnL,F,78
811,25735,CURRENT,3087839550,B88,F,85
812,69781,CURRENT,1567113350,Bvj,F,95
813,16796,CURRENT,7248715905,BYF,F,57
814,99777,SAVINGS,1574052852,B9K,F,80
815,14710,CURRENT,5849982996,BMl,F,61
816,82196,SAVINGS,7534638372,BSE,F,15
817,92538,CURRENT,7354273969,B02,F,97
818,28435,CURRENT,2029983452,Bqr,F,49
819,28214,SAVINGS,3403495636,BXJ,F,16
820,8817,CURRENT,1966497647,BvO,F,17
821,24159,CURRENT,9684249794,BnL,T,45
822,90579,CURRENT,4584914606,B3M,F,83
823,97745,CURRENT,6521159376,BSE,F,78
824,41861,SAVINGS,7879192653,BW8,F,48
825,64904,SAVINGS,6272514299,Bv2,F,22
826,84773,SAVINGS,1611583213,BdV,F,32
827,18738,SAVINGS,6505583762,BiA,T,10
828,14024,SAVINGS,7761996400,Bvf,F,74
829,11599,CURRENT,3514685772,BZX,T,56
830,60127,SAVINGS,3447963733,BLe,F,80
831,65821,CURRENT,4744419909,Bwd,F,68
832,6153,CURRENT,7371303446,BQd,F,33
833,79780,CURRENT,5788421903,BTs,F,14
834,98980,SAVINGS,2126662224,Bv2,F,96
835,56801,SAVINGS,2263459053,BW8,F,14
836,3005,CURRENT,8359834673,B90,F,55
837,85908,CURRENT,9688314120,BRU,T,33
838,60721,SAVINGS,2136961208,Bon,T,60
839,34111,CURRENT,4861424986,BZX,F,50
840,17105,CURRENT,6925808002,B6c,T,93
841,81482,SAVINGS,6811670364,BGY,F,5
842,91031,SAVINGS,9247602336,Bqv,F,70
843,27643,SAVINGS,4447447824,Bm9,F,6
844,51514,CURRENT,8856736009,Bv2,F,62
845,32886,SAVINGS,8875324498,Bwd,F,71
846,88074,SAVINGS,2562711273,Bqr,T,43
847,87602,SAVINGS,4573348398,Br2,F,68
848,89331,CURRENT,2222948071,BaO,F,90
849,89217,SAVINGS,9123910832,BQf,F,73
850,10531,CURRENT,6818243729,BMl,F,15
851,43608,CURRENT,8779063913,BiA,F,83
852,69882,SAVINGS,6109080424,BTV,F,54
853,42944,CURRENT,1602245826,BrC,F,75
854,84961,SAVINGS,5729134154,BdV,F,75
855,87866,SAVINGS,6814989397,BMl,F,14
856,86835,CURRENT,8352809777,B29,F,5
857,23193,SAVINGS,5445720788,Bv2,F,33
858,65757,CURRENT,4064624768,B88,F,31
859,55258,CURRENT,5995499692,BLS,F,23
860,5789,SAVINGS,1058237400,BQf,F,84
861,96637,SAVINGS,2411628705,Bzi,F,67
862,80567,SAVINGS,6665141602,ByX,F,69
863,95301,SAVINGS,7985388747,BZX,T,3
864,75031,CURRENT,7918333080,BTU,F,82
865,25080,SAVINGS,3069858768,BRU,F,26
866,39099,SAVINGS,6766982752,BH4,F,58
867,64897,CURRENT,4623020682,B14,F,77
868,93914,CURRENT,8873569230,BYY,F,55
869,23768,CURRENT,1713003947,B3g,F,57
870,35206,CURRENT,7527176223,BZ0,F,20
871,21592,SAVINGS,5595399315,BZd,T,85
872,43256,CURRENT,3315258514,BZd,T,18
873,66990,SAVINGS,2403487854,BGY,F,32
874,89746,CURRENT,4062061298,Bao,F,47
875,44617,SAVINGS,8499374822,BNI,F,67
876,1237,SAVINGS,6044986241,BGY,F,44
877,19298,SAVINGS,6706513380,BPx,F,88
878,37819,CURRENT,6494354155,Bs4,F,23
879,44043,CURRENT,1764906495,BLe,F,94
880,80856,CURRENT,2997866154,B3g,F,35
881,19310,SAVINGS,5319523901,BLe,F,27
882,34125,CURRENT,5164430708,Bv5,F,12
883,26229,CURRENT,5828535359,Bzi,F,45
884,75277,SAVINGS,5085471414,B14,F,12
885,39095,CURRENT,9467538231,BBr,F,3
886,97513,SAVINGS,3193621353,BBV,F,50
887,32620,SAVINGS,5314911380,Bgt,F,3
888,50507,CURRENT,3172698058,BqY,F,10
889,91034,SAVINGS,7749149195,Bvf,F,28
890,68787,CURRENT,9366682088,BH4,F,61
891,4646,CURRENT,4954165202,BQd,F,66
892,76948,SAVINGS,1772280714,B1T,T,65
893,20050,SAVINGS,8773153019,BmN,T,71
894,30649,CURRENT,6278015350,BDT,F,99
895,38141,CURRENT,8722789118,Bwd,F,61
896,37595,SAVINGS,6588488803,BBr,F,19
897,96190,SAVINGS,1166141198,Be6,F,54
898,5160,SAVINGS,4861787774,BeG,F,92
899,19230,CURRENT,4314629120,BXJ,F,37
900,65881,CURRENT,2188342213,Ba6,F,84
901,25297,CURRENT,2612913769,BEa,F,78
902,48077,SAVINGS,7897507912,BDW,F,76
903,80761,SAVINGS,6427901665,B2U,F,92
904,17022,CURRENT,8593722629,BeG,F,99
905,90835,CURRENT,8341648259,BFx,F,80
906,51381,SAVINGS,8971971486,B2Q,F,18
907,52063,SAVINGS,6465594896,Bbl,F,90
908,56112,SAVINGS,2241421453,B88,F,39
909,54014,CURRENT,2166144162,B9I,F,21
910,35282,SAVINGS,1092292220,BTe,F,80
911,99940,SAVINGS,3166921060,Bzi,T,49
912,19179,SAVINGS,2076100770,BhO,F,28
913,17965,CURRENT,7136426423,Bsw,F,68
914,62567,SAVINGS,4967391601,Bzx,F,53
915,61550,SAVINGS,4703327066,Bzx,F,69
916,46417,CURRENT,9906174085,B02,F,56
917,15055,SAVINGS,5512473070,BzG,F,86
918,52644,SAVINGS,5134825794,B3M,F,100
919,46810,CURRENT,7123978832,Bwa,F,76
920,7640,SAVINGS,2725400832,BYi,F,80
921,3660,CURRENT,5556344281,BRU,T,85
922,52873,CURRENT,4748169522,Bwa,T,76
923,42252,SAVINGS,2343153585,BLF,F,75
924,48544,SAVINGS,4406485108,B2U,T,11
925,35347,CURRENT,7889442827,BXD,F,26
926,47321,CURRENT,9792392297,Ba6,F,37
927,94101,CURRENT,9969794626,BBV,T,52
928,5248,SAVINGS,9179346280,B6c,F,4
929,43840,SAVINGS,4421898181,BGD,F,21
930,71099,CURRENT,6162481124,Bqr,F,24
931,35467,CURRENT,1595501049,Bqv,F,75
932,2249,SAVINGS,1569213998,BMl,F,80
933,34429,SAVINGS,2449775808,BYi,F,46
934,35532,CURRENT,7304080024,BTO,F,91
935,44821,SAVINGS,4735349344,BzG,T,56
936,43654,SAVINGS,8633394154,BTO,F,16
937,61176,CURRENT,9363555794,B1T,F,54
938,63754,CURRENT,6051816251,BFw,F,53
939,81546,SAVINGS,7768525031,B7q,F,42
940,43569,CURRENT,7404742695,BLe,F,18
941,12770,CURRENT,8969861357,B6c,F,51
942,46878,SAVINGS,1368634763,BLe,F,48
943,68357,SAVINGS,4366754599,Bwa,F,74
944,50859,SAVINGS,6311898013,BdV,F,63
945,44844,SAVINGS,4767465750,BLF,F,48
946,92410,CURRENT,1939507261,B6c,F,20
947,70820,SAVINGS,7022715599,B29,T,88
948,62483,SAVINGS,4072618630,BSE,F,34
949,85573,SAVINGS,3243607613,BhO,F,79
950,62263,SAVINGS,8702138940,BXJ,F,100
951,6832,CURRENT,2554073096,B9I,F,39
952,65809,CURRENT,4174743648,BSE,F,51
953,17952,CURRENT,3024276919,BTt,T,29
954,49798,CURRENT,8349663690,BoK,F,94
955,65678,SAVINGS,8351557650,BmC,F,80
956,32950,SAVINGS,3908277988,BLS,F,34
957,10407,SAVINGS,4514484675,B90,F,95
958,56592,CURRENT,4145449419,Bao,F,20
959,4581,CURRENT,4411817808,Bwa,T,40
960,70937,SAVINGS,7824187818,BDT,T,18
961,11803,CURRENT,2172190446,BqY,F,40
962,38241,SAVINGS,7966706902,B3g,F,38
963,55005,SAVINGS,7155882470,Bvf,F,98
964,98525,SAVINGS,5492009759,ByX,F,100
965,71082,CURRENT,5477217429,BRU,F,14
966,25282,CURRENT,5388926851,BrC,F,81
967,70457,CURRENT,4517174357,BzG,F,83
968,73785,CURRENT,7566972095,B3g,T,66
969,68645,CURRENT,6144045642,Bgt,F,95
970,42564,SAVINGS,1694486648,B29,F,80
971,3809,SAVINGS,1471132545,BW8,F,32
972,13571,CURRENT,3551623113,Bm9,F,86
973,13871,CURRENT,1618536641,BYF,F,88
974,73283,SAVINGS,3159005393,Bzi,T,48
975,84510,SAVINGS,5128019116,Bvf,F,33
976,59308,SAVINGS,4348651155,BXD,F,70
977,62745,CURRENT,4503436305,BmN,F,42
978,40457,CURRENT,9422982581,B7q,F,2
979,18699,CURRENT,5731447870,BiA,F,22
980,65464,SAVINGS,9729021181,BN4,F,89
981,38386,SAVINGS,1343956197,BrC,F,25
982,23243,CURRENT,7526471240,Ba6,F,74
983,49522,CURRENT,7436211128,BxL,F,92
984,51721,SAVINGS,6158117331,BLS,F,88
985,11115,SAVINGS,8007119563,BLF,F,45
986,89458,SAVINGS,7608804150,BiA,F,1
987,79460,SAVINGS,9835854524,BSE,T,90
988,42853,CURRENT,8459951971,BxL,F,10
989,19102,CURRENT,8539800626,B9I,F,88
990,54426,SAVINGS,7019445076,BaO,F,26
991,11270,CURRENT,2539737597,BxE,F,80
992,38050,CURRENT,1993636448,BhP,F,3
993,97513,CURRENT,4921776553,BRu,F,90
994,64887,CURRENT,3977606932,BGD,F,43
995,51868,CURRENT,6334132417,Bzx,F,90
996,23752,CURRENT,8018431894,Byz,F,16
997,81982,CURRENT,4532059013,BXJ,T,73
998,28086,CURRENT,6367656125,BPx,F,5
999,5246,SAVINGS,6535390038,BSE,F,16
1000,91775,SAVINGS,9899254003,Bwa,F,88
